{"operationConfig":{"name":"queryModules2755","type":"MappedToBackend","cachable":false,"smsEnabled":false,"security":"authorized_app_user","responseEncoding":"UTF-8","httpMethod":"GET","decodeResponseBody":false,"referencingEndpoint":"default","odata":[{"id":"$filter","dataType":"string","encode":true,"accessType":"readonly"},{"id":"$top","dataType":"string","encode":true,"accessType":"readonly"},{"id":"$skip","dataType":"string","encode":true,"accessType":"readonly"},{"id":"$orderby","dataType":"string","encode":true,"accessType":"readonly"},{"id":"$select","dataType":"string","encode":true,"accessType":"readonly"},{"id":"$expand","dataType":"string","encode":true,"accessType":"readonly"},{"id":"$batchsize","dataType":"string","encode":true,"accessType":"readonly"},{"id":"$batchid","dataType":"string","encode":true,"accessType":"readonly"}],"applyCommonMapping":true,"opcode":"query","relationshipHierarchyMapping":{"selected":true,"name":"Modules","children":[]}}}