{"operationConfig":{"name":"queryCourses_UserType_Mapping9987","type":"MappedToBackend","cachable":false,"smsEnabled":false,"security":"authorized_app_user","responseEncoding":"UTF-8","httpMethod":"GET","decodeResponseBody":false,"referencingEndpoint":"default","odata":[{"id":"$filter","dataType":"string","encode":true,"accessType":"readonly"},{"id":"$top","dataType":"string","encode":true,"accessType":"readonly"},{"id":"$skip","dataType":"string","encode":true,"accessType":"readonly"},{"id":"$orderby","dataType":"string","encode":true,"accessType":"readonly"},{"id":"$select","dataType":"string","encode":true,"accessType":"readonly"}],"iMapping":"<?xml version=\"1.0\" encoding=\"UTF-8\" standalone=\"yes\"?><mapper xmlns=\"http://www.kony.com/ns/mapper\">  <map inputpath=\"request_in\" outputpath=\"request_out\">    <exec-function name=\"kony.gen.obj.Courses_UserType_Mapping__hierarchy.toLOBFields\"/>  </map></mapper>","oMapping":"<?xml version=\"1.0\" encoding=\"UTF-8\" standalone=\"yes\"?><mapper xmlns=\"http://www.kony.com/ns/mapper\">  <map inputpath=\"response_in\" outputpath=\"response_out\">    <map outputpath=\"Courses_UserType_Mapping\">      <exec-function name=\"kony.gen.obj.Courses_UserType_Mapping__hierarchy.fromLOBFields\"/>    </map>  </map></mapper>","applyCommonMapping":true,"opcode":"query","relationshipHierarchyMapping":{"selected":true,"name":"Courses_UserType_Mapping","children":[]}}}