[{"name":"CreatedBy","dataType":"string","hasIndex":false,"unique":false,"primarykey":false,"namefield":false,"nullable":true,"custom":true,"createable":true,"updateable":true,"audit":false,"customizable":false,"fieldLength":32,"fieldProperties":{"standard":"true","isUpdateTimeStampField":"false","isSoftDeleteField":"false","autoGenerated":"false"}},{"name":"CreatedDateTime","dataType":"date","hasIndex":false,"unique":false,"primarykey":false,"namefield":false,"nullable":false,"custom":true,"createable":true,"updateable":true,"audit":false,"customizable":false,"fieldLength":32,"fieldProperties":{"standard":"true","isUpdateTimeStampField":"false","isSoftDeleteField":"false","autoGenerated":"false"}},{"name":"ID","dataType":"string","hasIndex":false,"unique":true,"primarykey":true,"namefield":false,"nullable":false,"custom":true,"createable":true,"updateable":true,"audit":false,"customizable":false,"fieldLength":10,"fieldProperties":{"autoGenerated":"false"}},{"name":"Image","dataType":"string","hasIndex":false,"unique":false,"primarykey":false,"namefield":false,"nullable":false,"custom":true,"createable":true,"updateable":true,"audit":false,"customizable":false,"fieldLength":1000,"fieldProperties":{"autoGenerated":"false"}},{"name":"LastUpdatedBy","dataType":"string","hasIndex":false,"unique":false,"primarykey":false,"namefield":false,"nullable":true,"custom":true,"createable":true,"updateable":true,"audit":false,"customizable":false,"fieldLength":32,"fieldProperties":{"standard":"true","isUpdateTimeStampField":"false","isSoftDeleteField":"false","autoGenerated":"false"}},{"name":"LastUpdatedDateTime","dataType":"date","hasIndex":false,"unique":false,"primarykey":false,"namefield":false,"nullable":false,"custom":true,"createable":true,"updateable":true,"audit":false,"customizable":false,"fieldLength":32,"fieldProperties":{"standard":"true","isUpdateTimeStampField":"true","isSoftDeleteField":"false","timeStampFieldFormat":"yyyy-MM-dd'T'HH:mm:ss.SSS","autoGenerated":"false"}},{"name":"PublishDate","dataType":"string","hasIndex":false,"unique":false,"primarykey":false,"namefield":false,"nullable":false,"custom":true,"createable":true,"updateable":true,"audit":false,"customizable":false,"fieldLength":50,"fieldProperties":{"autoGenerated":"false"}},{"name":"SoftDeleteFlag","dataType":"boolean","hasIndex":false,"unique":false,"primarykey":false,"namefield":false,"nullable":true,"custom":true,"createable":true,"updateable":true,"audit":false,"customizable":false,"fieldLength":1,"fieldProperties":{"standard":"true","isUpdateTimeStampField":"false","isSoftDeleteField":"true","autoGenerated":"false"}},{"name":"Summary","dataType":"string","hasIndex":false,"unique":false,"primarykey":false,"namefield":false,"nullable":false,"custom":true,"createable":true,"updateable":true,"audit":false,"customizable":false,"fieldLength":250,"fieldProperties":{"autoGenerated":"false"}},{"name":"URL","dataType":"string","hasIndex":false,"unique":false,"primarykey":false,"namefield":false,"nullable":false,"custom":true,"createable":true,"updateable":true,"audit":false,"customizable":false,"fieldLength":500,"fieldProperties":{"autoGenerated":"false"}}]