[{"name":"CreatedBy","dataType":"string","hasIndex":false,"unique":false,"primarykey":false,"namefield":false,"nullable":true,"custom":true,"createable":true,"updateable":true,"audit":false,"customizable":false,"fieldLength":32,"fieldProperties":{"standard":"true","isUpdateTimeStampField":"false","isSoftDeleteField":"false","autoGenerated":"false"}},{"name":"CreatedDateTime","dataType":"date","hasIndex":false,"unique":false,"primarykey":false,"namefield":false,"nullable":false,"custom":true,"createable":true,"updateable":true,"audit":false,"customizable":false,"fieldLength":32,"fieldProperties":{"standard":"true","isUpdateTimeStampField":"false","isSoftDeleteField":"false","autoGenerated":"false"}},{"name":"Email","dataType":"string","hasIndex":false,"unique":true,"primarykey":true,"namefield":false,"nullable":false,"custom":true,"createable":true,"updateable":true,"audit":false,"customizable":false,"fieldLength":50,"fieldProperties":{"autoGenerated":"false"}},{"name":"LastUpdatedBy","dataType":"string","hasIndex":false,"unique":false,"primarykey":false,"namefield":false,"nullable":true,"custom":true,"createable":true,"updateable":true,"audit":false,"customizable":false,"fieldLength":32,"fieldProperties":{"standard":"true","isUpdateTimeStampField":"false","isSoftDeleteField":"false","autoGenerated":"false"}},{"name":"LastUpdatedDateTime","dataType":"date","hasIndex":false,"unique":false,"primarykey":false,"namefield":false,"nullable":false,"custom":true,"createable":true,"updateable":true,"audit":false,"customizable":false,"fieldLength":32,"fieldProperties":{"standard":"true","isUpdateTimeStampField":"true","isSoftDeleteField":"false","timeStampFieldFormat":"yyyy-MM-dd'T'HH:mm:ss.SSS","autoGenerated":"false"}},{"name":"Name","dataType":"string","hasIndex":false,"unique":false,"primarykey":false,"namefield":false,"nullable":false,"custom":true,"createable":true,"updateable":true,"audit":false,"customizable":false,"fieldLength":50,"fieldProperties":{"autoGenerated":"false"}},{"name":"Password","dataType":"string","hasIndex":false,"unique":false,"primarykey":false,"namefield":false,"nullable":false,"custom":true,"createable":true,"updateable":true,"audit":false,"customizable":false,"fieldLength":20,"fieldProperties":{"autoGenerated":"false"}},{"name":"Phone","dataType":"string","hasIndex":false,"unique":false,"primarykey":false,"namefield":false,"nullable":false,"custom":true,"createable":true,"updateable":true,"audit":false,"customizable":false,"fieldLength":10,"fieldProperties":{"autoGenerated":"false"}},{"name":"Photo","dataType":"string","hasIndex":false,"unique":false,"primarykey":false,"namefield":false,"nullable":true,"custom":true,"createable":true,"updateable":true,"audit":false,"customizable":false,"fieldLength":10,"fieldProperties":{"autoGenerated":"false"}},{"name":"SoftDeleteFlag","dataType":"boolean","hasIndex":false,"unique":false,"primarykey":false,"namefield":false,"nullable":true,"custom":true,"createable":true,"updateable":true,"audit":false,"customizable":false,"fieldLength":1,"fieldProperties":{"standard":"true","isUpdateTimeStampField":"false","isSoftDeleteField":"true","autoGenerated":"false"}},{"name":"UserTypeID","dataType":"string","hasIndex":false,"unique":false,"primarykey":false,"namefield":false,"nullable":false,"custom":true,"createable":true,"updateable":true,"audit":false,"customizable":false,"fieldLength":10,"fieldProperties":{"autoGenerated":"false"}}]