{"operationConfig":{"name":"updateLatestActivites3372","type":"MappedToBackend","cachable":false,"smsEnabled":false,"security":"authorized_app_user","responseEncoding":"UTF-8","httpMethod":"GET","decodeResponseBody":false,"referencingEndpoint":"default","iMapping":"<?xml version=\"1.0\" encoding=\"UTF-8\" standalone=\"yes\"?><mapper xmlns=\"http://www.kony.com/ns/mapper\">  <map inputpath=\"request_in\" outputpath=\"request_out\">    <exec-function name=\"kony.gen.obj.LatestActivites__hierarchy.toLOBFields\"/>  </map></mapper>","oMapping":"<?xml version=\"1.0\" encoding=\"UTF-8\" standalone=\"yes\"?><mapper xmlns=\"http://www.kony.com/ns/mapper\">  <map inputpath=\"response_in\" outputpath=\"response_out\">    <map outputpath=\"LatestActivites\">      <exec-function name=\"kony.gen.obj.LatestActivites__hierarchy.fromLOBFields\"/>    </map>  </map></mapper>","applyCommonMapping":true,"opcode":"update","relationshipHierarchyMapping":{"selected":true,"name":"LatestActivites","children":[]}}}